565,325.29
574.43,338.43
590.86,342.43
603.71,347
621.57,353.43
641.43,373
655,377.71
688,395.71
708.43,417.29
728.29,442.29
753.57,467.57
778.86,488.57
793,496.14
811.57,501
812.29,510.14
835.43,512.86
840,513.29
850.43,511.71
849.57,517.14
855.71,514.71
858.14,518.43
871.57,517.14
867.29,516
881.71,519.43
883.71,513.43
892.29,509.71
891.86,518
895,528.57
893,526.71
902,522.43
901.43,517.86
902,517.86
891,524.14
890.29,528.14
889.43,526.57
887.29,531.57
880,541
875.43,548.71
872.71,556
879.71,551.29
881.43,547.14
881.29,539.43
881.43,536.43
880.71,536.43
879,535.43
877.43,539.43
878,535.29
878.29,539.57
869.57,541.57
873.14,541.71
888.71,535.86
898,526.14
909.57,525.57
917,528.86
941.71,521.57
956.57,533.29
980.29,544.43
988.29,552.14
998,563.43
1008,559.86
1019.4,571.86
1024.7,592
1037.1,590.71
1032.3,587.14
1033.1,589.43
1043.1,587.57
1054,595.86
1062.9,598.14
1063.3,594.57
1058,593.43
1060.1,594.71
1060.6,589.43
1059.6,598.14
1048.7,600.86
1048.6,602.43
1048.1,597
1049.6,600.71
1052.6,605.71
1053.9,607.43
1054.4,604
1052.9,603.86
1053,596.57
1054.4,598.86
1057.9,598.43
1048,595.29
1046.6,594
1044.3,599.57
1058.3,602.43
1044,601.86
1040.1,597.86
1034.3,587.71
1044.6,585.57
1038.4,594.43
1038,583.43
1022.7,580.29
1024.4,577.43
1028.3,582.71
1025.4,592
1016.1,585.57
1013.4,574
1011.4,571.86
1020.3,568.14
1029.3,574.43
1018.3,562.57
1022.7,562.57
1019.3,565.14
1023.7,564.14
1023.9,564.57
1015.6,559.57
1004.9,548.43
1005.4,553.57
1008.1,549
1010.6,549.14
1011.7,557.86
1003.1,559.29
1013.1,555.29
1023,556
1022.1,551.29
1017.9,555.29
1026,546.71
1019.1,533.71
1023,533
1005.7,528.14
985.71,526.57
983.71,520.43
979,508.43
955.71,504.43
952.86,507.57
936.71,495.71
942.57,499.14
946.43,501.29
937,506.29
925.71,497
929.29,495.71
926.71,484.86
928.71,494.43
924.71,498.57
928.14,494.71
928.29,489.29
927.43,497.29
931.57,506.29
922.86,506.86
925.14,498.29
918.14,489.57
915.29,484.57
920.57,481.57
928.29,482.14
921.71,481.29
933.43,492.71
933.43,494
945.86,495.71
949,499.43
951.14,506.14
948.29,501.71
960.14,501.86
958.71,501.29
963.29,515.71
965.57,522.86
977.43,519.29
978.14,522.43
985.71,529
989.43,521.71
992.57,524.57
997.29,513.29
996.43,505.14
995.71,508.57
1000.4,510.43
1002.4,503.57
997,512
1005.4,513.14
1004.7,521.71
1004.4,523.43
995.14,520.29
996.71,512.86
1003.9,512.57
1004.4,513.14
997,504.29
1007,498.43
1015.1,494.71
1018.9,504
1025.6,508.57
1014.9,509
1020.4,501.29
1030.1,498.86
1020.9,492.57
1011.7,491.71
1011.6,485.71
1011,483.29
1016.4,488.57
1013.3,488.43
1010.1,487.43
1013.9,492.57
1011.9,505.14
1006,513.57
1004.6,520.57
1008.7,528.57
1010.9,530
1010.1,533
1015.3,536.57
1027.9,527.43
1027.3,524
1016.9,520
1006.3,506.14
997.14,503
997.57,507.57
988.43,502.57
981.43,508.57
992.29,504.57
989,497.14
986.14,489.86
991.14,493.14
990.14,482.43
996.14,478.86
1001.7,465.71
990.71,467
1006.1,467.71
1012.6,467.43
1010.3,450.29
1008.9,440.57
994.43,433.71
986.86,425
994.71,411.71
986.57,410.57
986.86,406.71
990.86,418.86
989.43,429.43
991.43,433.14
986.14,446.43
978,444.29
979.14,445.29
976.86,448.14
964.86,444.71
960.86,437.57
963.14,431.57
967.57,430.86
974.43,443.57
968.29,446
972.71,453.57
978.43,471
982,481.86
979.71,492.14
972,498.57
971.43,497.29
967.57,503.71
970,501.71
971.29,485.57
977.14,484.29
977.29,493.14
990.29,493.57
984.71,500.57
984.86,489.86
975.43,489.29
979.71,500.57
966.14,504.14
970,498
962.29,499.14
959,487.29
971,486.57
974.86,495.57
971.57,490.14
982,487.43
981.86,482.57
988.14,473.43
988.29,473.14
984.43,483.86
988.29,482
982,480.86
977,474
970,472.43
959,478.71
961.29,478.86
950.29,475.43
941.14,476.71
944.29,479.43
935,492.14
943.43,490
940.86,484.86
941,480.43
957.57,474.43
959.29,469.29
962.86,462
966.71,449.14
966.57,455.71
980.71,456.29
977.86,461.14
965.86,463.57
975.57,456.86
973.57,461.43
978.57,460.29
973.14,460.86
973,453.86
971.43,452.57
975.71,453
962.86,456
965.57,447.43
960.86,451.14
963.43,446.86
950.57,448
959.57,453.71
959,450.14
959.71,457.71
960.14,467.14
966.14,466.71
960.43,462.43
961.43,472.57
962,470
959.14,476.29
961.71,474.43
957.43,475.57
958.71,473.29
967.86,475.29
968.86,478
969.86,476.71
972.71,470
973.57,471.86
970.43,461.57
966.43,462.86
961.86,469.29
965.57,467.29
955.71,469.29
950.86,474.71
950.86,464.86
953.86,475.29
956.14,475.57
956,473.43
951.57,465.14
951.14,472
956.29,473.14
958.71,473.29
962.14,473.86
966.71,482.43
974.57,489.29
979.14,498.71
982.43,499.29
974.71,493.71
970.29,503.57
976,492.57
967.29,490.86
957.57,477.14
960.14,467.14
969.29,465.86
970.71,465
977,457.14
970.29,463.14
972.29,460.14
977.57,471.57
968.71,472.14
959.43,459.57
969.43,468.29
970.43,469.43
970.29,464.71
969.43,461
972.29,449.29
970.43,455
975.29,466.43
972.29,467.29
964.43,472.29
961.71,467.29
959.57,469.71
957.14,479
971.86,471.57
971.29,463.57
977.14,455.71
990,449.43
990.43,458.43
999.86,458
1003.6,449.43
1006.4,457
1005.7,463.57
996.57,462.43
991.57,467.14
1004.9,462.29
1005.3,468.57
1000.3,470.57
988.57,472.14
989.86,462.86
993.71,460
992.57,458
984.14,465.57
987.29,456.57
984.29,469.57
987,473.57
994,476.14
999.86,476.71
998.86,486.57
1000.4,482.57
992.43,486
994.29,481.14
1000.4,478.57
988.71,488.57
985.57,500.57
985,500
986.86,506.86
986.29,504.14
987.71,502.57
982.57,500.71
987.71,497.57
981,497.29
979.86,494.43
983.57,486.29
989.43,485.86
996.86,488.71
993.86,488.29
995.71,493
999.57,484.86
999.29,486.43
992.71,488.57
989.57,497
975.43,486.86
978.57,491.57
973,486.86
967.57,495.57
974.71,486.29
976.71,482.57
967,474.71
967.14,483
972.14,482
965.86,484
962.14,467.71
947.57,475
944,478
944.86,490
943.14,492.29
917.71,491.29
916.14,490.43
903,496.86
887.71,488.71
869.43,485
844,476.14
823.29,471.57
805.43,456.86
772.71,455.43
747.86,458.14
722.29,460.14
693,454.71
670.57,462.86
644,461.43
634.29,468.29
618.57,461.71
616.86,458
615.71,458.14
603.86,464.71
599.14,445.57
590.57,434
573.71,436.71
565.14,430.14
544.14,420.43
534.29,413.43
527.86,401.86
524.86,409.29
522.86,406
526.43,390.43
532,392
525,381.14
518.29,365
511.57,361.57
500.57,352.29
492.29,352.29
482.57,343.43
473.86,334.86
480.43,340.57
468.29,341.57
461.29,338.86
459.71,317.29
459.86,298
452.86,296
449.57,283.57
437.86,262.86
430.71,249.57
423.43,232.71
410.43,232.86
387.43,232.57
366.71,216.43
342.43,205.71
328,198.43
313.57,192.71
293.86,185.14
284.29,173.14
279.29,156
281.57,145.43
272,136.43
266.14,138.71
260.14,132.71
259.43,125.71
259,134.14
260.14,130.43
253.29,134.43
258,128.14
254.57,121.43
257.29,122.43
264.29,118.29
249.43,97.714
235.14,97.429
217.71,87.857
204.29,95.714
192.57,81.571
178.14,71.857
154.14,80.571
147.71,91
145.43,92.714
138.29,92.286
126,85.286
116.57,87.286
114.14,82.286
118,79.143
117.29,71.571
110.57,64.286
113.43,66.143
119.57,60
121,62.857
116.71,74.571
108.71,66.286
106.71,59
116,66.571
119.71,68.143
136.43,63.857
144,62.857
166.86,57.286
193.57,53.429
216.86,60.714
238,60.571
277.43,49.857
307.14,56
350.43,62.857
379.71,58.714
409.57,61.714
437,63.857
465.14,56.429
471.14,60.286
473.29,54.714
472.86,45.857
484.86,45.429
482.29,47.571
493.29,41.857
484.71,50.143
489,49.143
503.29,59.429
515.57,61.143
510,71.571
528.14,76.429
531,84.571
554.43,74.429
574.43,84
583.86,80
592.57,94.857
616.29,97.286
632.71,104.71
658.14,112.43
684,138.14
709.71,149.57
738,175.57
772,188.86
792.57,208.71
823.14,228.57
846.57,254.43
857.43,267.86
874.71,293.14
878,300
885.43,315.86
894,329.29
893.57,343.43
894.86,346.57
897,346.71
885.43,345.71
887.43,349.43
895.14,356.43
897.86,352.86
900.29,360.86
905.14,366.71
907,381
909.86,380
920.86,397.86
914.71,402.43
919.57,410.57
914.43,394.86
911.43,395.43
912,398.71
925.14,404.57
931.43,389.57
936.43,363.57
941,357.29
952.43,346.29
958.86,329.14
966.29,307.29
966.71,291.29
972.43,288
974.86,296.43
978.29,284.14
980.86,282.71
972.86,267.71
972.57,256.29
966.29,251
956.86,244.71
960.43,231.43
966,231.43
976.29,223.57
987.57,231.29
991.14,229.43
1015.7,232.57
1023.9,231.57
1030.6,240.29
1030.4,242
1029.6,245.43
1044.4,252.86
1059.3,263.43
1060.4,257.86
1067.6,258.57
1067.1,257.86
1069.4,249.29
1068.1,254.57
1057.1,247.14
1046.6,242.43
1039.3,244.86
1045.1,233
1050.9,218.86
1050.6,218.14
1058,219.86
1059,216.57
1069.7,223.29
1076.6,225.29
1075.9,230.86
1066.9,233.43
1068.1,231.43
1049.4,224.71
1047.4,221.43
1037.6,216.43
1019.1,207.29
1002.9,208.29
998,213.29
981.71,217.14
977,207.29
971.14,204.71
958.86,200.29
956.43,196.86
946.57,194.14
950.14,188.14
962.71,190.57
965.57,189.71
973.71,186.86
977.29,189.57
996.43,202.71
1014.7,203.14
1027.1,209.57
1034.1,205.43
1056,212.14
1069,221.14
1086.7,221.86
1091.3,220.14
1101.1,226.86
1117,217.43
1119.1,216.43
1124.1,224.43
1132,231.57
1143.6,222.29
1150.3,221.14
1161.7,212.71
1152.6,231.29
1163.9,230.57
1172.4,233.14
1171,233.71
1182.4,240.57
1194,245.57
1200.6,245.57
1213.4,235.14
1216.6,238.86
1210.6,232.71
1216.7,220.86
1216,227.86
1210,227
1202.6,234
1202.1,245.29
1198.6,240.29
1194.9,250
1182.7,251.43
1165.3,246.29
1146.6,252.14
1123,256
1094.3,246.14
1060.7,254.57
1034.6,256.86
999.57,268
968.43,274.43
947.14,267.29
919.86,271.86
900.14,281.14
887.57,285
869.14,281
863,276
857.57,274
850.14,273.29
858.43,268.86
862,255.29
861,241.14
869.43,233.29
859.14,238.29
853.29,247.29
850.14,250.57
843.29,248.29
834.71,255.71
824,271.43
810.86,283
810.71,288.71
812.57,289.71
800.71,285.14
791.71,280.29
788.43,285.43
792.14,284.14
786.86,274
784.14,271
767.71,271.57
774,272.57
768.57,267.86
761.14,265.86
753.29,261.71
756.29,259.29
760,246.14
770.71,239.86
770.71,242
769,240.86
766.71,234.57
770.14,226.71
771.71,236.86
765.57,242.43
771.57,238.29
776.14,238
776,251.71
790.71,255
797,260.57
797,262.29
812.71,272.71
817.14,267.86
820.14,271.14
833.14,266.57
840.86,266.14
852.14,267.57
861.29,270.29
859.71,263.71
862.43,272.43
870.43,266.29
882.86,264.86
889.14,262.57
886.86,264.14
896.57,249.57
909.57,254.29
921.86,242.57
923.71,245.43
923.86,238.29
918.71,232.86
932.43,228
940.14,238.71
945.43,235.43
944.14,241.71
941.29,231.14
946.86,239.29
953.71,251.29
951.71,243.86
948.43,234.29
944.86,220.57
947.86,220.43
954.29,229.14
953.14,224.71
949.43,217.29
957,216.86
965.86,217.86
970.29,214.43
974.29,210.43
976.43,211.14
989.29,203.86
1004,199.43
1000.3,205.86
1003.4,207.86
1007.6,215.43
995.86,211.86
990.14,199.71
987,200.57
982,206.29
977.29,208.86
970.14,204.14
976.71,200.86
981,195.86
984,200.14
977.14,211.29
971,212.14
977.57,203.71
975,209.14
978.43,218
988.57,228
996.43,236.71
1016,222.29
1021.7,209.71
1026.1,216.43
1034.1,217.29
1031.1,213.43
1036.7,206.29
1041.4,196.71
1040.9,212
1043.7,221.29
1052.4,218.57
1060.4,209.43
1055.9,209.43
1066.6,208.43
1062.9,203.57
1067.1,200.29
1078.3,202.71
1082.9,208.57
1095,215.43
1106.6,215.14
1102,220
1115,226.86
1123.9,227.14
1126.3,221.14
1133.9,218
1132,226.29
1133.1,224
1134.1,229.43
1142.6,232.14
1137.6,234
1132.7,232.43
1123.6,235.71
1118,225.29
1118.1,221.57
1116.1,214.29
1112.4,216.57
1113.4,213
1118.7,220.71
1125.7,218.29
1122.7,213
1131.1,224
1127.9,223.29
1128.1,226.71
1127.4,230.86
1128,232
1123.1,235.86
1125.6,244.43
1120.6,231.57
1132.6,235.71
1138,232.86
1136.6,222
1134.3,216.43
1141.1,206.43
1140.4,201.29
1140.7,209.14
1131.6,209.29
1127.3,200
1123.3,204.86
1131,205.71
1125.9,215.29
1123.7,215.71
1124.3,213.57
1128.7,217.71
1123.9,221.86
1133.4,222.71
1135.1,231.57
1135.6,218.57
1138.4,226.86
1126.7,228.29
1119.1,227.71
1115,230.43
1096.4,229.71
1073.1,229.71
1062.1,228.14
1041.6,214.29
1033.7,217.86
1018.4,210.71
1005.9,208.29
998.71,214
993.29,203.29
987.57,208
993.86,218.86
990.71,224.57
987.57,235.43
977.57,235.71
958.71,235.43
944.29,233
923,242.29
898.14,238
880.14,233
874.14,224
869.57,223.14
869.29,215.86
868.57,220.57
868,217.71
862.71,219.29
863,217.86
848.71,228.86
839.57,231.29
834,244
827,257.86
824.43,263.29
828.57,260
824.57,268.57
822.14,268.43
819.86,269.86
818.43,256.71
812.43,250.14
806.86,246.43
799.43,258.57
799.43,244.43
802.71,242
806.29,241.14
802,246.29
803.71,247
806,249
810,248.71
800.29,261
800.86,265
785.86,274.14
782.57,277.71
773.57,267.86
754.43,265.43
744.86,255.43
744,256.29
725.57,256.57
726,249.14
709.57,255.14
708,267.43
709.43,274
703,286.29
678.86,272.57
666.43,264.14
646,269.71
645.71,268
638.71,255.86
630.71,243
623.14,242.43
622.43,248.57
613.29,251.29
616,251.71
599.86,246.57
577.43,254.71
562.57,263.86
536.71,250.86
527,258.57
516.14,250.57
500,246.71
500.29,238.14
496.43,231
493,230.43
496.71,225
492.29,218.86
498.14,215.29
494.43,212.43
497.43,219.29
499.86,218.57
505.43,209.71
510.57,211.29
514,209.71
511.14,221.86
512.57,225.29
512.86,218.86
519.29,223.29
513.86,219.43
518.43,223.57
524.43,214.43
529.86,207.14
538.43,196.57
534.71,199.43
531.86,197
528.14,198.86
526,202.71
524,215.57
525.14,222.57
514.71,222
515,228.29
505.14,235.86
497.29,243.43
494,240.86
486.57,236.29
479.86,243.14
473.43,248.14
462,240.43
462.29,241.71
460.57,245.14
460,252.14
464.86,247.86
466.86,247.14
477.57,253.29
488.86,263
488.14,254.14
497.43,254.86
490.86,257.29
493.86,262
487.71,256
489.14,254.14
491.29,247
499,254
496,259.14
495.57,259.14
488.57,260.14
494.29,255.71
490,252
475.14,264
472.86,258.43
476.14,263.57
484,260.29
477.57,266.86
481,275.29
482,301.14
495.29,310.71
495.43,323.14
502.71,326.71
501.86,351.43
516.43,367.57
516.29,388.57
518.86,390.86
526.43,398
529.57,411.86
533.29,415.86
545.57,415.86
540.57,420.14
540,415
540.86,421
534.57,413
534.71,408
537.14,410.86
527.14,405.14
524.86,406.14
522.71,411
531.71,411.57
524.29,431.57
524.29,436.43
514.14,449.14
515.43,451.57
520.86,456.71
525.14,465.14
519.14,471.43
526.43,472.86
530.86,476.71
528.86,483.57
528,497.14
529.43,498.43
537.43,504.57
550.57,506.57
560.43,511.71
568.29,534.29
593.14,548.14
609.29,564.29
629,574.71
645.71,580.43
647.14,591.43
648.71,591.29
670.14,585.86
676.14,589
686.43,594.43
690.57,616.29
693.57,626.14
703.71,637.29
723,646.86
712.71,664.14
719.14,661
717.43,662.14
717.71,655.57
724.86,663.71
739.57,655.29
740.43,662.43
757.57,651.14
760.29,653.86
772.29,646
784.71,646.71
781.71,636.29
775,639.86
774.29,636.43
767.43,648.14
764.43,652.14
766.43,655.71
754.29,644
746.57,650.57
745.29,650.43
739.29,658
746.14,660.71
740.86,660.71
739,661
740.57,673.57
743.57,669.86
749.86,667.57
756,664.29
748.71,661.43
761.71,660.71
753.71,666.57
756,662.71
760.43,666
762.14,678.71
758,678.29
760.86,679
755.57,670.71
754.86,667.29
760.71,667.86
757.71,663.71
755,659.29
763,652.29
762,653.71
755.43,655.86
759.43,650.57
757.71,644.14
762.29,646.14
755.86,639.43
757.14,646.14
761,647.57
771.29,649.29
783.43,650.71
790.57,665.14
801.14,667.71
806,672.43
814,669.57
822.14,652.71
825.86,657.14
827.86,660.86
834,660
831.86,655
849.14,656.29
838.86,660.71
839,666.29
839.71,663.86
836.14,661.29
840.57,651.43
839.43,654.43
833.86,650.43
840.86,646.57
844.29,658.57
846.43,651.57
859.86,649.71
864.14,660
882.29,664.86
886.14,673.43
902,674.86
903.14,661.57
919.29,669
923.43,674
936.14,658.43
953.71,660.86
971.86,656.43
979,663.86
996.14,672.57
1012.3,675.71
1035,679.14
1042,690.71
1052.1,681.57
1070.3,683.43
1093,686.57
1112.7,694.14
1126.6,697.86
1129.7,699.71
1138.7,703.43
1142,716.14
1151.9,711.86
1156.4,710.86
1175.3,717.86
1196.7,726
1211,736.43
1240.3,739
1257.6,740.43
1276.1,751.29
1294.7,756.29
1307.1,742.14
1309.1,735.43
1329.6,744
1339.6,752.57
1363.4,762.43
1374.4,779.57
1401.3,794.86
1425.3,814.14
1451,819.71
1485.3,826.43
1511.1,836.43
1520.7,835.29
1539.7,837.14
1543.7,834.29
1546.4,839.71
1554,846.29
1551.4,845.71
1550,846.43
1562,844.71
1562.4,839.71
1562.4,835.71
1571,825.43
1576.7,822.57
1580.6,809.86
1573.3,807.29
1567,810.86
1574,809.43
1578.9,803.57
1568,804.14
1562.7,805.29
1547.3,813.14
1545.7,804.71
1544,802.29
1532.7,799.14
1524.4,804.57
1521.1,810.86
1512.1,806
1509.1,790.43
1509.1,786.43
1505.7,784.71
1501.4,773.57
1491,769
1491.4,763.14
1479.7,757.86
1479.7,758.86
1483.6,742.86
1481.4,715.57
1474.7,693.71
1487.3,672.43
1484.6,637.14
1496.6,601.71
1492.1,555.71
1484.6,525.14
1485.3,495.29
1495.9,475
1499.1,435.86
1503.1,408.71
1512.1,391
1521.7,377.86
1528.3,364.43
1533.1,351.43
1528.7,345.71
1525.3,347.43
1518.3,348
1508.1,345.57
1503,349.71
1501.1,356.43
1493.3,358.43
1486,357.43
1483.1,358.14
1490,357.57
1494,350.57
1498.3,346.29
1489.7,338.14
1494,338.57
1508.3,331
1518.3,315.71
1517.1,300
1515,303.71
1519.1,287.71
1529.1,279.71
1527.1,264.71
1526.7,251.14
1516.1,247.71
1525.4,250
1530.9,230.57
1534.1,230.43
1531.6,220.14
1533.9,220.43
1542.3,209.14
1550.6,200.43
1541.6,192.57
1537.4,193.57
1534.7,198
1536.6,199.14
1534.7,194.57
1519.4,203.86
1513.3,198.86
1515.1,196.57
1515.7,198.43
1506.9,193.71
1504.7,189.29
1513.6,185.43
1520.9,172.57
1520.7,165
1528,153.86
1536.1,146.71
1546.7,136.29
1551.4,132.71
1560.7,137.71
1575.3,145.71
1589.3,151.29
1591.1,151.29
1598.7,161.71
1617.9,170.86
1629.4,178.14
1647.3,187.57
1658.3,193.71
1682.6,205.43
1694.7,230.14
1706.6,241.57
1721.3,266.43
1745.1,285.57
1753,290.57
1759.9,303.71
1753.3,327.14
1756.6,347.43
1764,378.86
1754,406.71
1756.6,436.14
1751.7,468.71
1748.6,498
1750.3,538.57
1752.4,566
1744.7,587.71
1740.7,596.86
1729,609.57
1724.7,638.86
1730.6,660.57
1733.1,672.86
1733.7,682.29
1734.3,695.29
1743,700.86
1742.9,718.29
1747.7,719.43
1743.4,721.86
1745.7,708.86
1751.6,717.86
1757.9,707
1757.4,731.57
1756.4,745.71
1750.1,763
1740.3,776
1732.3,792.29
1731.1,800.43
1728.7,812
1728.9,808
1734.1,808.43
1737.6,803.71
1747.9,801.29
1752,808
1754.7,801.29
1756.9,807.57
1749.1,805.71
1732.1,797.43
1701.7,801.71
1678.9,808
1637,794.14
1574,792.86
1484.9,774
1383.6,756.71
1289,744.29
1188.9,731.71
1074.1,718.14
962.29,705
868.86,699.14
805.71,702.86
748.57,699.43
697.43,692.29
666.14,676.29
634.71,673
624.86,677.43
608,675.71
589.86,678.86
579.86,687.14
566.57,696.14
553.86,707.14
542.43,715.71
539.71,720.71
529.71,726.43
510.43,730.43
500.71,726.29
501,724.43
486.43,733.14
477.29,731
461.29,733.57
453,730
459.43,725.71
454.14,741.57
438.43,752.14
436.29,754
442.43,764.29
437.43,770.43
441.14,775.43
439.29,787.14
441.14,780.29
453,779.43
462.71,780.43
465.29,774.43
469.43,768.86
459.86,783.57
451,787
447,798
433.71,798
426,795.57
413.14,798.29
412.86,806.57
419.86,802.57
430.86,802.14
439,800.14
444.29,801.71
444.71,799
457.14,808.43
458.71,813.57
461.86,816.71
463,815.14
460.57,813.71
460.29,808.57
469.29,811.29
460.71,800.71
449.43,793.86
454.14,780
458.71,783
462.57,777.14
476.86,784.71
483.57,789.29
497.86,791.14
519.29,789.57
517,800
514.71,794.14
518.29,802.71
517.57,806.43
516.86,808.14
516.43,818.14
508.71,825.43
519.86,818
527.57,825.29
523.14,830.86
511.71,820
506.14,817
502.14,805.14
497.14,803.14
472.14,813.14
453.29,816.14
437.86,816.29
435.29,818.71
408.43,813.57
391.29,816.43
377,809.71
373.57,805.86
360,795.29
351.43,790.71
330.57,790.86
336.43,798.71
327.71,797
323.71,798.14
321.57,787.57
306.71,780.57
297.14,768.71
294.29,773.14
286.14,769
271,768
259.71,769.43
237.71,780.14
228,779.86
224.14,786.14
206.29,792.43
191.29,792.57
182.71,792.71
176.29,790.57
177.14,786.43
183.14,796.86
181.14,797.86
191,796.71
183.43,800
189.43,797.71
191.71,798
188.43,802.29
180.29,796.29
177,790.71
164.71,786
162.14,782
153.43,787.14
151.29,797.43
154.57,800.86
164.57,796.86
168.71,800.43
168.57,801.29
176.29,802.14
181.57,802.71
170.57,798
174.14,784.43
172.29,789.57
170.29,792.43
177,783
169.29,788.71
166.14,782.71
168.86,780
163.29,786.57
162.57,790.43
164.71,795.29
169.86,810.29
174.86,806.86
176.57,818.14
188.29,822.14
193.86,825.57
191.14,829.71
185,832
184.86,826
186.57,826.14
194,821.14
193.57,821.71
195.14,828.29
208.57,818.57
222.29,815.86
225,806.57
242.71,785.57
255.43,775.57
260.57,740.71
265.86,690
258.86,650.14
256,598
254.57,557
256.71,527.86
244.43,480.43
241.86,462.43
244.71,453.29
252,452.43
251.14,451.43
254,440.57
248,421.86
254.57,412.57
249.43,403.14
250.57,393.29
245.43,376.57
252.29,359
258.29,350.29
252.71,350.57
250.14,356.43
250.43,360
246.71,366.14
239.43,371.14
236.71,372.86
226.43,387
225.57,396.29
215.71,382.57
221.43,382.86
217,365.86
223.86,350
214.43,347.43
222.71,330.86
227.29,320.57
222.57,318.57
218.14,305.86
215.86,317.29
202.71,318.71
204,311.71
196.71,310.86
192.71,300.71
201.14,303.57
193.43,301.29
190.71,282.86
190.71,274.71
183.86,271.14
183.71,265.86
181.14,265.29
192.43,260.43
210.86,245.14
217.14,248.29
238,244.14
261.29,243.14
275.29,238
280.57,241.14
275.57,231.71
279.14,230.43
282.43,219.29
278.29,220.57
273,221.43
274.14,226.43
274.71,223.29
275.71,235.29
274.86,239.71
269.86,241.71
273,237.14
267.29,230.43
266.86,221.14
267.29,212.43
276.14,200.43
270.29,209.86
273.14,211.43
269.43,216.86
279.29,216.71
269.43,216.71
275.43,221.86
268.29,221
269.29,220.86
278.86,223.57
288.29,228.86
285.86,237
286.71,241.86
281.29,244.86
279.57,246.71
280.71,232
277.14,224.29
267.14,219.71
252.43,213.14
244.86,208.71
241.29,189.57
232,194.86
228,194.14
220.14,188.86
223.14,163.86
236.14,148.14
237.14,130.57
239.86,129.29
249.86,109
243.43,99.571
239.86,97.429
232.43,110
226.57,104.43
234.71,112.14
233,111.29
234,115.14
234.71,103.86
243.57,89.143
241.86,81.286
233.29,85.429
232.71,79.571
237.14,80.429
226.43,66.429
232.43,68.143
220.43,77.571
225.43,75
228.14,71.143
227,70
220.57,64.429
223.29,78
214.71,88
212,79.286
215.14,73
214.71,76.857
205.71,68.143
207.14,70.857
203.14,59.286
203.43,46.571
201.29,51.714
187.29,56
185.86,50.143
191,52.714
175.14,56.143
162,68.571
146.86,75
149.71,77.143
148.14,82.571
143.86,87.714
130,86.429
134,76.714
140.71,70.714
150.29,76.286
149.14,68.429
151.71,58.143
151.86,46.286
161.57,53.857
158.29,60.857
160.14,56.571
157.29,56.143
151.86,58.714
154.29,67.429
156.71,76.429
147.29,78.286
149.57,73.857
144.57,83.429
141.14,76.571
131.57,74.857
121.71,69.571
116.57,70.143
108.71,63.429
108,65
106.29,59.571
96,54.429
105.57,65.143
100.86,59.143
95.143,66
97.571,78.714
97.143,79.714
90,86.429
97.857,90.429
89.429,91.714
90.714,104.29
88.857,103.43
95.571,98.571
96.429,98
108.71,92
105.14,103.57
112.43,100.57
115.43,103.71
111.57,101.71
101.86,97.286
93.143,95
88.286,95.714
87,88.286
80.286,91.143
73.714,80.143
77,74.857
92.571,83
104.71,90.571
119.86,88.429
141,101.14
172.71,116.29
200.29,132.14
236.86,150.29
257.43,158.14
276.71,173.57
290.57,199.43
318.14,210.14
329.29,207.29
349.57,214.57
373.57,221.14
397.57,227.86
426.29,231.14
453.14,228.57
472.43,230.43
490.71,238.57
501.71,251.71
513.86,262
522,264.29
536.14,259.43
557.43,255.86
569.29,256.14
584.43,256
615.29,256
631.43,249.57
656.43,249.29
666,263.43
681.43,267
698.14,270
718,270
727.43,260.86
741.43,262.43
749.29,260.57
766.86,258
769.86,259.71
776,256.29
778.14,248.86
793.86,254.29
805.86,248.86
823.57,251.57
826,241.86
829.29,240.86
842.29,231.86
857.29,241.43
851.57,240.71
844.43,234.71
836.57,238.86
846.43,240.71
855.71,244.57
846,249.71
844.29,239.71
852.71,237.43
867,246.29
881.43,232
887.57,230.71
898.71,228.43
925.86,234.14
947.43,233.14
963.86,228.86
975.14,230.14
973.57,235.86
980.57,239.29
978.29,232.14
969,227.29
959.71,229.29
959.14,229.29
946.43,227
945.14,226
951,220.43
959.14,221
967.43,229.14
969.43,226.57
968.86,234
980.29,238
987.86,240.14
988.86,247.86
988.14,249.29
993.14,239.14
1009.4,265
1004.7,275.14
1007.9,280.86
1017.4,299.14
1023.4,305.29
1035,326.29
1038,339.86
1035.4,328.86
1047,329
1048,328.43
1037.6,317.43
1024.9,319
1017.7,310.71
1008.6,318.29
1000.3,322.57
999.43,318.86
990.71,318
992.43,323.29
1003.9,326.71
999,323.86
1005.7,319.57
1003.9,312
997,312.29
1005.7,312.43
1013.1,309.71
1003.9,309.86
1017,317.57
1017.1,321.57
1014.4,328.14
1018,331.57
1006,332
994.14,340.71
989.57,335.71
983.71,329.71
972.14,316.86
969.71,321.57
950.29,321
945.43,324
940.86,332.71
925.14,344.29
902.57,345
886.14,354.14
878.57,356.43
867.29,364.29
861.57,372.86
851.71,362.43
851.29,356.29
853.14,370.57
859.29,370.14
851,360.14
852,347.86
844,340.71
838.29,348.57
830,346.57
817.86,349.29
804.29,361
807.71,374
814.14,377
813.86,380.43
814.14,379.57
824.43,381
832.43,370.57
840.29,359.14
832.57,354.43
831,363.14
835.57,363.14
841.29,356.43
843.43,364.86
849.14,365.71
861.14,372.14
884.86,370.43
905.71,357.86
930.71,346.86
956.57,343.29
991.57,329.86
1026,315.86
1051.9,299.86
1078.6,288.57
1097.6,283.86
1124.1,283.86
1147.6,286.43
1163.3,288
1164.4,301.86
1168.4,311.71
1178,326
1186.3,330.14
1181.6,341.86
1176.9,342.57
1177,347.86
1189,353.57
1194.4,352.14
1186.4,343.29
1192,351.14
1194.9,340.43
1198.6,343.57
1186.1,346.14
1173.9,337.43
1170.1,333.86
1177.6,344.14
1173.7,343.57
1171.3,353.86
1171.9,357
1183.1,359.43
1185,360.57
1182.9,365
1181.3,360.43
1171.9,352.29
1166,343.43
1162.6,342
1156.3,330.71
1160.6,331.43
1167,330.14
1166.4,330.86
1177,342.14
1181.9,349.57
1189.1,342.14
1192.4,341.14
1189.1,338.57
1186.6,338
1188,334.43
1190.1,323
1185.7,317
1183.4,318.57
1185.4,318.86
1184.9,322.43
1190.6,326.14
1179.3,323.43
1173.3,333.57
1174.9,341.86
1168.6,342.14
1166,346.57
1176.4,345.43
1173.6,344.71
1176,346.29
1171.4,338.14
1170,338.71
1176,335
1171.4,334.29
1171.1,336.57
1165.6,342.57
1170.4,343
1181.9,344.57
1185.7,340.43
1176.9,345
1183.4,346.29
1181,340.86
1189,340.14
1193,337.86
1187.7,346.14
1186.4,338.43
1207.3,335.86
1220.7,340.29
1251,347
1283.9,339.57
1325,342.71
1366.6,339.14
1407.9,332.43
1429,331.86
1458.9,326.29
1473.9,315.86
1477.9,321.71
1467.3,326.29
1463.9,318.14
1474.7,330.71
1482.9,339.57
1471.7,334.14
1465.7,339.29
1465.3,329.57
1469.1,325
1468.9,330
1467,334.86
1472,321.14
1473.3,323.29
1469.7,316.29
1481.1,314.71
1489.3,315.86
1492.6,316.29
1489,302.86
1485.9,304.29
1486.6,302
1496.1,308.29
1491.4,309.86
1487.4,305.43
1482,303.29
1481.7,314.57
1473.3,315.71
1474.1,313.86
1463.3,310.71
1455.7,313.71
1449,323.29
1451.9,327.86
1446.7,318.43
1455.1,318.57
1457.9,323.14
1464.1,330.86
1474.6,333.43
1486.9,327.29
1490.7,325.71
1498.6,332.14
1501.4,330.14
1509.1,326.71
1506.3,323.14
1507.1,315.57
1496.4,317.43
1494.6,309.14
1492,301.86
1488.1,309
1475.1,307.86
1472.6,309.14
1465.9,317.14
1471.9,321.29
1473.3,322.86
1468.4,327.14
1466,319.14
1470.9,323
1472.3,314.29
1472.4,317.14
1466.9,311.14
1468.1,314.14
1477.7,314.86
1482.6,325.14
1479.1,324.71
1487.9,333.43
1492,328.86
1503.3,324.86
1500.1,329.71
1495.7,334
1491.1,334.57
1494.3,340
1498.7,350.43
1506,356.29
1498.4,369.43
1505,382
1510.6,386.86
1507,396.43
1514.7,408.57
1511.7,410.57
1509,420.14
1511.7,426.86
1511.7,428.71
1503.9,431.14
1512.6,428
1514.6,429.71
1518.1,429.71
1520.7,426.29
1526.7,419.14
1525.4,410.57
1533.9,416
1536.4,424.43
1528,427.29
1525,435.71
1517.4,456.29
1515.9,479.86
1513.3,492
1514,494.71
1507.7,506.57
1511.9,511.29
1502.3,510.14
1502.3,496.14
1492,491
1489.1,509.57
1490.4,521.29
1498,524.71
1495,541.43
1498.7,548
1494.9,564.29
1499.7,569.71
1508.9,563.86
1508.1,573.29
1506,580.86
1514.7,581
1519.1,592.14
1518.4,598.43
1521,604.43
1513.7,610.43
1516.7,605.14
1509.7,595.29
1511.6,588.14
1509.7,577
1521,566.71
1528.4,566.43
1538.4,557.86
1530.6,554.14
1527.7,552.71
1511.4,561.71
1508.9,574
1507.9,576
1500.6,574.86
1494.4,572.43
1504.3,565.14
1526.3,566.71
1544.6,546.29
1556.4,521.14
1574.9,498.14
1603.6,482.71
1626.9,464.14
1645.9,458.86
1651.6,432.86
1675,423
1686.3,418.86
1687.9,422.57
1694.4,409.57
1695.6,408
1692.4,403
1687.1,404.57
1675.7,393.43
1681.4,389.57
1689.7,387.71
1683.6,387
1681.9,385
1683.1,374.86
1701.9,363.43
1713.4,364.71
1714.9,359.29
1720.3,351.86
1718.9,344.86
1723.4,340.43
1719,343.71
1707.3,361.29
1700.9,363.43
1697.9,366.86
1680.7,366.71
1680.1,370.14
1677.7,370.86
1680.4,375.43
1684.7,362.43
1685,359.71
1684.6,367.57
1695.9,377.29
1694.6,379.43
1696.3,379.86
1705.9,370
1711.7,378
1718.6,382.43
1728.3,370.14
1723.4,359
1727.3,365.57
1729,368.14
1717.7,372.43
1718.4,371.86
1718.1,367.86
1720.4,367.57
1724,361.86
1729,357
1722.9,354.57
1723.1,361.43
1707.7,363.43
1674.9,383.57
1637.3,396.29
1602.3,417.86
1562.1,427.14
1526.6,451
1497,458.29
1470.9,460.14
1457.1,456.43
1451.6,468.43
1447.4,469.57
1443.4,482.43
1454.4,485.71
1459.9,484.43
1466.1,499.57
1473.7,500
1477.1,493.86
1474.1,504.14
1477.1,503.71
1472,497.29
1463,499.71
1440.6,498.86
1424.7,507
1396.6,507.29
1378.1,505.57
1348.6,504.14
1311.9,511.14
1280,531
1262.7,538.86
1241.9,553.29
1220.3,586.29
1194.4,609.57
1170.9,625.71
1162.9,641.14
1147.1,656
1126.9,668.14
1110.6,679.29
1092.4,683.57
1084.7,679.14
1076.3,689.86
1059.6,698.57
1055,688.43
1051,698.71
1041.3,697.14
1044,693.14
1039.3,694.29
1032.6,692.71
1038,684.86
1027.9,689.57
1024.4,682.57
1025.9,686.43
1021.3,680.29
1013.1,690.43
1013.7,695.29
1002,695.43
993,696.29
980,705.71
954.14,701.14
935.57,712.71
927.86,715.29
913.57,722.86
890.57,730
874,736.71
851.14,736.71
835.14,751.71
819.14,755.29
796.57,759
787,756.14
782.86,754.14
776.86,758.86
777.71,766.86
785.14,752.14
781.14,758.29
770,752.71
759.86,754.43
753.71,769.14
751.57,771.86
742.57,759.71
738.14,766.86
736.86,756.86
744.86,763
751.57,758
749.86,757.57
750.71,752.71
752.14,753.71
741.43,764.29
737.86,765.86
727.57,760.86
706.86,766.43
697.29,767.86
676.43,771.86
667,781
652.14,770.71
639.29,770.14
623.57,775.71
619.29,780.86
608,776.86
594,784.14
574,785.43
574.86,789.86
563.14,795.43
556.71,801.29
539.29,798.57
532.86,802.86
533.86,799.86
526.86,794.14
515.57,802.57
509.57,804.43
513.86,802.86
518,805.29
508.14,804.57
499,801.71
506.57,807
514.43,802
525.57,806.43
516.57,802.14
518.57,803
525.86,808.86
534.29,814.14
537.86,812.57
535.14,811.43
528,810.57
535.29,808.71
529.14,804.86
523.43,802.14
528,793.86
523.71,792.29
519.43,798.14
519.57,799.86
518.29,808.71
515,810.57
521.43,808.29
516.86,810.86
508.43,818.14
508.57,808.14
505.71,814.14
494.29,826
497.57,840.57
497.29,855
490.86,879.29
494,887.14
490.86,912.29
494,920.86
504.57,921.14
501.43,928.57
506.43,930.71
507.86,932
510,931.71
505.43,925.71
512.71,918
509.86,916.14
519.43,906
519.29,910.86
524.29,899.43
523,910.71
528.57,916.29
514.43,920.29
512.14,918
505,921
495.71,902.86
492.57,895.14
492.86,886.71
497.86,879.57
515.71,866.43
525.29,846.43
534.71,828.86
539.86,816.43
548.71,809.29
562.14,796
564.14,757
557.57,713.14
559.71,687.14
551.29,644.71
547.57,619
541.57,575.43
524.29,527.14
521.71,512.86
522.86,514.57
509.43,506
509.14,513.43
506.14,508.57
495.43,506.57
493.14,517.14
489,516.57
481.57,516
489,506.57
486.14,493
493.43,482.86
499,471.71
503,454.86
509.86,449
511.86,442.57
504,438.43
511.86,440.43
501.29,425
496.29,424.29
492.14,426.43
471.14,417
454.71,406.29
454.29,391.57
440.43,374.57
428.71,374.29
413.43,378.43
400.57,363.86
401.71,362.86
395.57,367.57
387.43,378
368.29,382.57
364,395.14
368.57,392
362.71,398.71
349.86,412.29
351.14,410.29
342.29,420.29
337.86,430.43
326.29,424.86
315.43,436.86
312.86,449.43
306.29,451.43
308.29,457.43
297.14,456.43
301.71,457.71
308.86,462.14
315.29,457.86
311.71,465.71
314.14,468.29
295.43,474.57
289.86,478.71
285.86,478
282.71,491.71
264.29,498.86
254.57,494.14
241.29,495
245.71,490.57
246,496
241.14,495.29
238.86,490.57
243.43,493
242.86,487.29
243.57,487.29
248.86,494
243,496.29
248.43,501.14
244.29,496.57
241.71,499.29
248,515.43
251.57,529.71
238.29,550.71
246.57,569.29
234.71,606.71
224.29,638.86
215.14,663
207.71,688.14
199.71,696
193.86,709.86
189.86,723.14
184,722.43
192.43,720
202.29,723
207.43,727.29
207.14,742.29
212.57,743.29
216.29,750
230.14,761
226.86,779.71
218.57,797.29
215.14,798.43
219.43,799.57
221.57,799
209.43,798.71
209.29,802.29
214.43,807.86
227,809.14
236.43,820.29
239.43,829.57
237.86,850.86
250,868.86
244.57,874.14
245.14,882
241.86,884.71
235.43,888.43
238.14,900.71
244.14,900.14
242.43,893.71
239,905.14
228.43,901.71
222,901.86
210.43,905.71
198.43,904.71
182.14,905
177.29,912.43
175.71,907
183.29,910.71
185.86,912
192.14,917.86
198,910.86
211.71,901.71
214.14,897
219.71,882.43
216.86,870.57
227.14,863.43
240.29,833.71
244.43,813.86
245.29,797.71
248,765.71
252.14,727.71
265.29,689
255.29,641.29
252.57,601.29
255.71,562.57
265.14,531
265.29,505.43
270.29,492.29
271.57,478.57
279.86,468.29
283.29,462.57
286.29,459.86
281.14,453
280.71,445.71
281.14,441.86
274.57,450.57
276,454.71
281.43,468.29
278.86,474.86
274.43,469.57
273.86,478.29
275,485.86
280,480.86
272.71,478.71
256.71,471
254.57,454.86
258,444.57
255.57,436
245.71,412.29
235.14,392.86
230.86,383.14
227.57,373.86
217.86,373.43
211.71,377.14
217.57,366.71
212.29,370.86
216.43,381.86
219.43,381.71
225.57,374.57
236.14,376.71
240.14,376.57
241.14,372.14
253,374.14
252.43,370.43
259,367.71
256,365.29
250.86,365.14
252.86,369.71
254.14,371.43
241.86,374.57
231.86,375.71
219.86,377.57
228.86,382.14
233.43,377
232.14,367
233,376.71
233.43,378.57
239.32,382.29
245.21,386
251.11,389.71
